Pixel,Intensity
0,9.872561e-01
1,9.820789e-01
2,9.904421e-01
3,9.864596e-01
4,9.928315e-01
5,9.892473e-01
6,9.936280e-01
7,9.900438e-01
8,9.948228e-01
9,9.912386e-01
10,9.960175e-01
11,9.912386e-01
12,9.956193e-01
13,9.924333e-01
14,9.964158e-01
15,9.932298e-01
16,9.972123e-01
17,9.936280e-01
18,9.968140e-01
19,9.924333e-01
20,9.972123e-01
21,9.940263e-01
22,9.976105e-01
23,9.940263e-01
24,9.976105e-01
25,9.944245e-01
26,9.984070e-01
27,9.948228e-01
28,9.984070e-01
29,9.944245e-01
30,9.984070e-01
31,9.948228e-01
32,9.984070e-01
33,9.952210e-01
34,9.980088e-01
35,9.952210e-01
36,9.988053e-01
37,9.956193e-01
38,9.992035e-01
39,9.952210e-01
40,9.988053e-01
41,9.960175e-01
42,9.988053e-01
43,9.960175e-01
44,9.984070e-01
45,9.952210e-01
46,9.984070e-01
47,9.952210e-01
48,9.996018e-01
49,9.952210e-01
50,9.988053e-01
51,9.960175e-01
52,9.992035e-01
53,9.952210e-01
54,9.996018e-01
55,9.968140e-01
56,9.988053e-01
57,9.960175e-01
58,9.988053e-01
59,9.960175e-01
60,9.992035e-01
61,9.956193e-01
62,9.988053e-01
63,9.952210e-01
64,9.988053e-01
65,9.956193e-01
66,9.988053e-01
67,9.964158e-01
68,9.996018e-01
69,9.960175e-01
70,9.992035e-01
71,9.960175e-01
72,9.996018e-01
73,9.964158e-01
74,9.992035e-01
75,9.956193e-01
76,9.988053e-01
77,9.960175e-01
78,9.992035e-01
79,9.960175e-01
80,9.992035e-01
81,9.960175e-01
82,9.992035e-01
83,9.960175e-01
84,9.984070e-01
85,9.964158e-01
86,9.992035e-01
87,9.964158e-01
88,9.992035e-01
89,9.960175e-01
90,9.984070e-01
91,9.964158e-01
92,9.992035e-01
93,9.956193e-01
94,9.984070e-01
95,9.964158e-01
96,9.992035e-01
97,9.952210e-01
98,9.984070e-01
99,9.960175e-01
100,9.996018e-01
101,9.960175e-01
102,9.992035e-01
103,9.960175e-01
104,9.988053e-01
105,9.960175e-01
106,9.992035e-01
107,9.960175e-01
108,9.992035e-01
109,9.956193e-01
110,9.988053e-01
111,9.952210e-01
112,9.984070e-01
113,9.964158e-01
114,9.984070e-01
115,9.956193e-01
116,9.980088e-01
117,9.972123e-01
118,9.984070e-01
119,9.968140e-01
120,9.976105e-01
121,9.960175e-01
122,9.988053e-01
123,9.960175e-01
124,9.984070e-01
125,9.960175e-01
126,9.984070e-01
127,9.964158e-01
128,9.988053e-01
129,9.956193e-01
130,9.980088e-01
131,9.964158e-01
132,9.992035e-01
133,9.956193e-01
134,9.984070e-01
135,9.964158e-01
136,9.976105e-01
137,9.960175e-01
138,9.976105e-01
139,9.964158e-01
140,9.984070e-01
141,9.960175e-01
142,9.980088e-01
143,9.960175e-01
144,9.976105e-01
145,9.976105e-01
146,9.972123e-01
147,9.964158e-01
148,9.980088e-01
149,9.956193e-01
150,9.972123e-01
151,9.968140e-01
152,9.984070e-01
153,9.960175e-01
154,9.972123e-01
155,9.960175e-01
156,9.972123e-01
157,9.960175e-01
158,9.976105e-01
159,9.964158e-01
160,9.976105e-01
161,9.960175e-01
162,9.976105e-01
163,9.964158e-01
164,9.976105e-01
165,9.960175e-01
166,9.976105e-01
167,9.964158e-01
168,9.968140e-01
169,9.948228e-01
170,9.972123e-01
171,9.960175e-01
172,9.972123e-01
173,9.960175e-01
174,9.972123e-01
175,9.964158e-01
176,9.964158e-01
177,9.964158e-01
178,9.968140e-01
179,9.960175e-01
180,9.984070e-01
181,9.956193e-01
182,9.964158e-01
183,9.964158e-01
184,9.976105e-01
185,9.960175e-01
186,9.968140e-01
187,9.948228e-01
188,9.968140e-01
189,9.960175e-01
190,9.972123e-01
191,9.960175e-01
192,9.964158e-01
193,9.964158e-01
194,9.964158e-01
195,9.956193e-01
196,9.972123e-01
197,9.952210e-01
198,9.968140e-01
199,9.964158e-01
200,9.972123e-01
201,9.976105e-01
202,9.964158e-01
203,9.960175e-01
204,9.964158e-01
205,9.960175e-01
206,9.968140e-01
207,9.960175e-01
208,9.964158e-01
209,9.960175e-01
210,9.976105e-01
211,9.960175e-01
212,9.972123e-01
213,9.956193e-01
214,9.964158e-01
215,9.972123e-01
216,9.968140e-01
217,9.964158e-01
218,9.964158e-01
219,9.956193e-01
220,9.956193e-01
221,9.964158e-01
222,9.972123e-01
223,9.968140e-01
224,9.968140e-01
225,9.956193e-01
226,9.968140e-01
227,9.964158e-01
228,9.968140e-01
229,9.968140e-01
230,9.968140e-01
231,9.964158e-01
232,9.968140e-01
233,9.960175e-01
234,9.968140e-01
235,9.968140e-01
236,9.968140e-01
237,9.908403e-01
238,9.952210e-01
239,9.956193e-01
240,9.968140e-01
241,9.956193e-01
242,9.968140e-01
243,9.960175e-01
244,9.968140e-01
245,9.956193e-01
246,9.968140e-01
247,9.952210e-01
248,9.960175e-01
249,9.964158e-01
250,9.968140e-01
251,9.964158e-01
252,9.968140e-01
253,9.956193e-01
254,9.968140e-01
255,9.960175e-01
256,9.976105e-01
257,9.956193e-01
258,9.968140e-01
259,9.960175e-01
260,9.972123e-01
261,9.952210e-01
262,9.968140e-01
263,9.960175e-01
264,9.972123e-01
265,9.964158e-01
266,9.964158e-01
267,9.956193e-01
268,9.968140e-01
269,9.964158e-01
270,9.968140e-01
271,9.960175e-01
272,9.960175e-01
273,9.956193e-01
274,9.968140e-01
275,9.960175e-01
276,9.972123e-01
277,9.964158e-01
278,9.972123e-01
279,9.960175e-01
280,9.964158e-01
281,9.964158e-01
282,9.972123e-01
283,9.960175e-01
284,9.972123e-01
285,9.960175e-01
286,9.968140e-01
287,9.956193e-01
288,9.964158e-01
289,9.960175e-01
290,9.968140e-01
291,9.964158e-01
292,9.964158e-01
293,9.960175e-01
294,9.960175e-01
295,9.956193e-01
296,9.956193e-01
297,9.960175e-01
298,9.964158e-01
299,9.968140e-01
300,9.964158e-01
301,9.964158e-01
302,9.964158e-01
303,9.960175e-01
304,9.968140e-01
305,9.960175e-01
306,9.968140e-01
307,9.952210e-01
308,9.960175e-01
309,9.956193e-01
310,9.968140e-01
311,9.960175e-01
312,9.968140e-01
313,9.960175e-01
314,9.964158e-01
315,9.960175e-01
316,9.980088e-01
317,9.964158e-01
318,9.968140e-01
319,9.952210e-01
320,9.964158e-01
321,9.960175e-01
322,9.968140e-01
323,9.964158e-01
324,9.968140e-01
325,9.960175e-01
326,9.968140e-01
327,9.964158e-01
328,9.976105e-01
329,9.960175e-01
330,9.968140e-01
331,9.960175e-01
332,9.964158e-01
333,9.960175e-01
334,9.960175e-01
335,9.952210e-01
336,9.968140e-01
337,9.960175e-01
338,9.968140e-01
339,9.956193e-01
340,9.972123e-01
341,9.968140e-01
342,9.968140e-01
343,9.964158e-01
344,9.952210e-01
345,9.956193e-01
346,9.968140e-01
347,9.968140e-01
348,9.968140e-01
349,9.960175e-01
350,9.968140e-01
351,9.964158e-01
352,9.972123e-01
353,9.964158e-01
354,9.972123e-01
355,9.960175e-01
356,9.968140e-01
357,9.960175e-01
358,9.964158e-01
359,9.964158e-01
360,9.964158e-01
361,9.956193e-01
362,9.968140e-01
363,9.956193e-01
364,9.968140e-01
365,9.960175e-01
366,9.968140e-01
367,9.960175e-01
368,9.968140e-01
369,9.960175e-01
370,9.964158e-01
371,9.960175e-01
372,9.956193e-01
373,9.960175e-01
374,9.968140e-01
375,9.968140e-01
376,9.964158e-01
377,9.956193e-01
378,9.972123e-01
379,9.968140e-01
380,9.968140e-01
381,9.960175e-01
382,9.968140e-01
383,9.960175e-01
384,9.964158e-01
385,9.964158e-01
386,9.972123e-01
387,9.960175e-01
388,9.964158e-01
389,9.960175e-01
390,9.968140e-01
391,9.960175e-01
392,9.968140e-01
393,9.956193e-01
394,9.964158e-01
395,9.964158e-01
396,9.968140e-01
397,9.976105e-01
398,9.964158e-01
399,9.960175e-01
400,9.968140e-01
401,9.964158e-01
402,9.964158e-01
403,9.964158e-01
404,9.972123e-01
405,9.964158e-01
406,9.964158e-01
407,9.964158e-01
408,9.972123e-01
409,9.960175e-01
410,9.968140e-01
411,9.952210e-01
412,9.968140e-01
413,9.956193e-01
414,9.968140e-01
415,9.960175e-01
416,9.964158e-01
417,9.960175e-01
418,9.972123e-01
419,9.960175e-01
420,9.968140e-01
421,9.956193e-01
422,9.968140e-01
423,9.960175e-01
424,9.968140e-01
425,9.968140e-01
426,9.964158e-01
427,9.960175e-01
428,9.964158e-01
429,9.968140e-01
430,9.968140e-01
431,9.956193e-01
432,9.964158e-01
433,9.960175e-01
434,9.976105e-01
435,9.964158e-01
436,9.968140e-01
437,9.956193e-01
438,9.964158e-01
439,9.964158e-01
440,9.956193e-01
441,9.960175e-01
442,9.960175e-01
443,9.952210e-01
444,9.968140e-01
445,9.964158e-01
446,9.952210e-01
447,9.964158e-01
448,9.968140e-01
449,9.960175e-01
450,9.968140e-01
451,9.964158e-01
452,9.968140e-01
453,9.960175e-01
454,9.964158e-01
455,9.968140e-01
456,9.984070e-01
457,9.964158e-01
458,9.964158e-01
459,9.976105e-01
460,9.972123e-01
461,9.960175e-01
462,9.964158e-01
463,9.956193e-01
464,9.968140e-01
465,9.952210e-01
466,9.968140e-01
467,9.964158e-01
468,9.972123e-01
469,9.952210e-01
470,9.968140e-01
471,9.960175e-01
472,9.968140e-01
473,9.960175e-01
474,9.964158e-01
475,9.960175e-01
476,9.968140e-01
477,9.964158e-01
478,9.964158e-01
479,9.952210e-01
480,9.972123e-01
481,9.960175e-01
482,9.964158e-01
483,9.956193e-01
484,9.968140e-01
485,9.968140e-01
486,9.968140e-01
487,9.964158e-01
488,9.968140e-01
489,9.960175e-01
490,9.956193e-01
491,9.964158e-01
492,9.968140e-01
493,9.960175e-01
494,9.960175e-01
495,9.960175e-01
496,9.964158e-01
497,9.956193e-01
498,9.964158e-01
499,9.960175e-01
500,9.968140e-01
501,9.968140e-01
502,9.968140e-01
503,9.968140e-01
504,9.960175e-01
505,9.960175e-01
506,9.964158e-01
507,9.968140e-01
508,9.968140e-01
509,9.960175e-01
510,9.964158e-01
511,9.956193e-01
512,9.968140e-01
513,9.964158e-01
514,9.968140e-01
515,9.964158e-01
516,9.968140e-01
517,9.960175e-01
518,9.968140e-01
519,9.964158e-01
520,9.968140e-01
521,9.960175e-01
522,9.972123e-01
523,9.960175e-01
524,9.972123e-01
525,9.960175e-01
526,9.968140e-01
527,9.964158e-01
528,9.968140e-01
529,9.960175e-01
530,9.968140e-01
531,9.952210e-01
532,9.960175e-01
533,9.964158e-01
534,9.964158e-01
535,9.960175e-01
536,9.964158e-01
537,9.968140e-01
538,9.968140e-01
539,9.960175e-01
540,9.988053e-01
541,9.964158e-01
542,9.972123e-01
543,9.952210e-01
544,9.968140e-01
545,9.960175e-01
546,9.960175e-01
547,9.968140e-01
548,9.968140e-01
549,9.960175e-01
550,9.976105e-01
551,9.956193e-01
552,9.960175e-01
553,9.960175e-01
554,9.968140e-01
555,9.960175e-01
556,9.960175e-01
557,9.960175e-01
558,9.960175e-01
559,9.964158e-01
560,9.972123e-01
561,9.956193e-01
562,9.968140e-01
563,9.960175e-01
564,9.972123e-01
565,9.960175e-01
566,9.964158e-01
567,9.956193e-01
568,9.968140e-01
569,9.960175e-01
570,9.968140e-01
571,9.960175e-01
572,9.968140e-01
573,9.960175e-01
574,9.976105e-01
575,9.968140e-01
576,9.968140e-01
577,9.960175e-01
578,9.960175e-01
579,9.956193e-01
580,9.964158e-01
581,9.960175e-01
582,9.960175e-01
583,9.960175e-01
584,9.968140e-01
585,9.960175e-01
586,9.960175e-01
587,9.964158e-01
588,9.968140e-01
589,9.964158e-01
590,9.968140e-01
591,9.964158e-01
592,9.968140e-01
593,9.964158e-01
594,9.964158e-01
595,9.956193e-01
596,9.948228e-01
597,9.956193e-01
598,9.972123e-01
599,9.964158e-01
600,9.972123e-01
601,9.964158e-01
602,9.964158e-01
603,9.964158e-01
604,9.964158e-01
605,9.956193e-01
606,9.964158e-01
607,9.960175e-01
608,9.972123e-01
609,9.960175e-01
610,9.968140e-01
611,9.952210e-01
612,9.972123e-01
613,9.964158e-01
614,9.968140e-01
615,9.956193e-01
616,9.968140e-01
617,9.956193e-01
618,9.972123e-01
619,9.952210e-01
620,9.972123e-01
621,9.964158e-01
622,9.964158e-01
623,9.960175e-01
624,9.972123e-01
625,9.964158e-01
626,9.968140e-01
627,9.976105e-01
628,9.968140e-01
629,9.956193e-01
630,9.964158e-01
631,9.956193e-01
632,9.968140e-01
633,9.964158e-01
634,9.968140e-01
635,9.964158e-01
636,9.968140e-01
637,9.960175e-01
638,9.972123e-01
639,9.964158e-01
640,9.968140e-01
641,9.952210e-01
642,9.964158e-01
643,9.960175e-01
644,9.964158e-01
645,9.964158e-01
646,9.960175e-01
647,9.956193e-01
648,9.968140e-01
649,9.960175e-01
650,9.968140e-01
651,9.960175e-01
652,9.968140e-01
653,9.964158e-01
654,9.968140e-01
655,9.964158e-01
656,9.968140e-01
657,9.956193e-01
658,9.964158e-01
659,9.960175e-01
660,9.972123e-01
661,9.964158e-01
662,9.960175e-01
663,9.964158e-01
664,9.972123e-01
665,9.964158e-01
666,9.968140e-01
667,9.968140e-01
668,9.964158e-01
669,9.952210e-01
670,9.968140e-01
671,9.964158e-01
672,9.968140e-01
673,9.960175e-01
674,9.968140e-01
675,9.964158e-01
676,9.964158e-01
677,9.964158e-01
678,9.972123e-01
679,9.964158e-01
680,9.968140e-01
681,9.956193e-01
682,9.964158e-01
683,9.956193e-01
684,9.964158e-01
685,9.968140e-01
686,9.976105e-01
687,9.960175e-01
688,9.968140e-01
689,9.964158e-01
690,9.964158e-01
691,9.960175e-01
692,9.968140e-01
693,9.964158e-01
694,9.964158e-01
695,9.960175e-01
696,9.964158e-01
697,9.960175e-01
698,9.968140e-01
699,9.968140e-01
700,9.968140e-01
701,9.964158e-01
702,9.972123e-01
703,9.960175e-01
704,9.968140e-01
705,9.964158e-01
706,9.972123e-01
707,9.972123e-01
708,9.964158e-01
709,9.964158e-01
710,9.968140e-01
711,9.952210e-01
712,9.964158e-01
713,9.960175e-01
714,9.960175e-01
715,9.960175e-01
716,9.972123e-01
717,9.968140e-01
718,9.968140e-01
719,9.956193e-01
720,9.960175e-01
721,9.956193e-01
722,9.964158e-01
723,9.964158e-01
724,9.968140e-01
725,9.960175e-01
726,9.976105e-01
727,9.956193e-01
728,9.964158e-01
729,9.968140e-01
730,9.972123e-01
731,9.960175e-01
732,9.968140e-01
733,9.960175e-01
734,9.968140e-01
735,9.960175e-01
736,9.964158e-01
737,9.932298e-01
738,9.972123e-01
739,9.960175e-01
740,9.968140e-01
741,9.952210e-01
742,9.976105e-01
743,9.960175e-01
744,9.960175e-01
745,9.952210e-01
746,9.964158e-01
747,9.960175e-01
748,9.960175e-01
749,9.960175e-01
750,9.972123e-01
751,9.960175e-01
752,9.968140e-01
753,9.960175e-01
754,9.968140e-01
755,9.960175e-01
756,9.968140e-01
757,9.960175e-01
758,9.972123e-01
759,9.960175e-01
760,9.960175e-01
761,9.960175e-01
762,9.968140e-01
763,9.960175e-01
764,9.964158e-01
765,9.964158e-01
766,9.972123e-01
767,9.960175e-01
768,9.968140e-01
769,9.956193e-01
770,9.968140e-01
771,9.964158e-01
772,9.964158e-01
773,9.960175e-01
774,9.964158e-01
775,9.964158e-01
776,9.968140e-01
777,9.960175e-01
778,9.968140e-01
779,9.960175e-01
780,9.968140e-01
781,9.960175e-01
782,9.968140e-01
783,9.960175e-01
784,9.968140e-01
785,9.968140e-01
786,9.964158e-01
787,9.964158e-01
788,9.972123e-01
789,9.960175e-01
790,9.968140e-01
791,9.952210e-01
792,9.960175e-01
793,9.964158e-01
794,9.964158e-01
795,9.960175e-01
796,9.968140e-01
797,9.960175e-01
798,9.964158e-01
799,9.952210e-01
800,9.968140e-01
801,9.952210e-01
802,9.972123e-01
803,9.960175e-01
804,9.964158e-01
805,9.952210e-01
806,9.968140e-01
807,9.964158e-01
808,9.968140e-01
809,9.960175e-01
810,9.968140e-01
811,9.964158e-01
812,9.968140e-01
813,9.952210e-01
814,9.960175e-01
815,9.968140e-01
816,9.968140e-01
817,9.964158e-01
818,9.960175e-01
819,9.956193e-01
820,9.968140e-01
821,9.964158e-01
822,9.964158e-01
823,9.960175e-01
824,9.972123e-01
825,9.960175e-01
826,9.964158e-01
827,9.964158e-01
828,9.968140e-01
829,9.968140e-01
830,9.968140e-01
831,9.960175e-01
832,9.988053e-01
833,9.960175e-01
834,9.976105e-01
835,9.964158e-01
836,9.964158e-01
837,9.968140e-01
838,9.968140e-01
839,9.960175e-01
840,9.968140e-01
841,9.956193e-01
842,9.968140e-01
843,9.964158e-01
844,9.964158e-01
845,9.960175e-01
846,9.964158e-01
847,9.964158e-01
848,9.968140e-01
849,9.964158e-01
850,9.964158e-01
851,9.960175e-01
852,9.968140e-01
853,9.964158e-01
854,9.964158e-01
855,9.960175e-01
856,9.972123e-01
857,9.960175e-01
858,9.964158e-01
859,9.952210e-01
860,9.976105e-01
861,9.960175e-01
862,9.968140e-01
863,9.960175e-01
864,9.968140e-01
865,9.964158e-01
866,9.968140e-01
867,9.960175e-01
868,9.968140e-01
869,9.960175e-01
870,9.964158e-01
871,9.960175e-01
872,9.968140e-01
873,9.964158e-01
874,9.968140e-01
875,9.964158e-01
876,9.976105e-01
877,9.964158e-01
878,9.964158e-01
879,9.960175e-01
880,9.968140e-01
881,9.956193e-01
882,9.968140e-01
883,9.960175e-01
884,9.964158e-01
885,9.956193e-01
886,9.968140e-01
887,9.964158e-01
888,9.964158e-01
889,9.964158e-01
890,9.964158e-01
891,9.956193e-01
892,9.968140e-01
893,9.964158e-01
894,9.968140e-01
895,9.956193e-01
896,9.964158e-01
897,9.964158e-01
898,9.968140e-01
899,9.960175e-01
900,9.968140e-01
901,9.956193e-01
902,9.972123e-01
903,9.964158e-01
904,9.964158e-01
905,9.960175e-01
906,9.968140e-01
907,9.964158e-01
908,9.972123e-01
909,9.964158e-01
910,9.964158e-01
911,9.952210e-01
912,9.964158e-01
913,9.960175e-01
914,9.968140e-01
915,9.960175e-01
916,9.964158e-01
917,9.960175e-01
918,9.972123e-01
919,9.960175e-01
920,9.964158e-01
921,9.960175e-01
922,9.968140e-01
923,9.960175e-01
924,9.972123e-01
925,9.968140e-01
926,9.972123e-01
927,9.960175e-01
928,9.968140e-01
929,9.964158e-01
930,9.968140e-01
931,9.964158e-01
932,9.968140e-01
933,9.956193e-01
934,9.968140e-01
935,9.960175e-01
936,9.976105e-01
937,9.960175e-01
938,9.964158e-01
939,9.960175e-01
940,9.972123e-01
941,9.960175e-01
942,9.968140e-01
943,9.956193e-01
944,9.948228e-01
945,9.960175e-01
946,9.968140e-01
947,9.960175e-01
948,9.968140e-01
949,9.956193e-01
950,9.972123e-01
951,9.964158e-01
952,9.972123e-01
953,9.964158e-01
954,9.968140e-01
955,9.956193e-01
956,9.964158e-01
957,9.960175e-01
958,9.972123e-01
959,9.956193e-01
960,9.960175e-01
961,9.960175e-01
962,9.976105e-01
963,9.960175e-01
964,9.968140e-01
965,9.956193e-01
966,9.968140e-01
967,9.960175e-01
968,9.960175e-01
969,9.960175e-01
970,9.968140e-01
971,9.964158e-01
972,9.976105e-01
973,9.956193e-01
974,9.964158e-01
975,9.964158e-01
976,9.976105e-01
977,9.960175e-01
978,9.964158e-01
979,9.960175e-01
980,9.968140e-01
981,9.960175e-01
982,9.964158e-01
983,9.964158e-01
984,9.968140e-01
985,9.960175e-01
986,9.968140e-01
987,9.960175e-01
988,9.972123e-01
989,9.964158e-01
990,9.972123e-01
991,9.968140e-01
992,9.964158e-01
993,9.964158e-01
994,9.964158e-01
995,9.956193e-01
996,9.968140e-01
997,9.964158e-01
998,9.972123e-01
999,9.960175e-01
1000,9.972123e-01
1001,9.964158e-01
1002,9.976105e-01
1003,9.956193e-01
1004,9.964158e-01
1005,9.960175e-01
1006,9.972123e-01
1007,9.956193e-01
1008,9.968140e-01
1009,9.964158e-01
1010,9.972123e-01
1011,9.960175e-01
1012,9.964158e-01
1013,9.964158e-01
1014,9.968140e-01
1015,9.964158e-01
1016,9.976105e-01
1017,9.960175e-01
1018,9.964158e-01
1019,9.956193e-01
1020,9.968140e-01
1021,9.956193e-01
1022,9.960175e-01
1023,9.960175e-01
1024,9.968140e-01
1025,9.960175e-01
1026,9.968140e-01
1027,9.968140e-01
1028,9.972123e-01
1029,9.952210e-01
1030,9.968140e-01
1031,9.960175e-01
1032,9.964158e-01
1033,9.960175e-01
1034,9.956193e-01
1035,9.960175e-01
1036,9.976105e-01
1037,9.964158e-01
1038,9.968140e-01
1039,9.952210e-01
1040,9.968140e-01
1041,9.956193e-01
1042,9.972123e-01
1043,9.964158e-01
1044,9.956193e-01
1045,9.956193e-01
1046,9.964158e-01
1047,9.964158e-01
1048,9.968140e-01
1049,9.964158e-01
1050,9.964158e-01
1051,9.960175e-01
1052,9.968140e-01
1053,9.972123e-01
1054,9.968140e-01
1055,9.960175e-01
1056,9.964158e-01
1057,9.964158e-01
1058,9.972123e-01
1059,9.960175e-01
1060,9.968140e-01
1061,9.960175e-01
1062,9.972123e-01
1063,9.960175e-01
1064,9.968140e-01
1065,9.960175e-01
1066,9.968140e-01
1067,9.964158e-01
1068,9.976105e-01
1069,9.960175e-01
1070,9.964158e-01
1071,9.964158e-01
1072,9.960175e-01
1073,9.956193e-01
1074,9.968140e-01
1075,9.968140e-01
1076,9.968140e-01
1077,9.960175e-01
1078,9.964158e-01
1079,9.964158e-01
1080,9.964158e-01
1081,9.960175e-01
1082,9.964158e-01
1083,9.960175e-01
1084,9.968140e-01
1085,9.960175e-01
1086,9.972123e-01
1087,9.964158e-01
1088,9.964158e-01
1089,9.960175e-01
1090,9.968140e-01
1091,9.964158e-01
1092,9.968140e-01
1093,9.960175e-01
1094,9.968140e-01
1095,9.960175e-01
1096,9.960175e-01
1097,9.960175e-01
1098,9.972123e-01
1099,9.964158e-01
1100,9.968140e-01
1101,9.964158e-01
1102,9.968140e-01
1103,9.960175e-01
1104,9.964158e-01
1105,9.960175e-01
1106,9.972123e-01
1107,9.960175e-01
1108,9.976105e-01
1109,9.960175e-01
1110,9.968140e-01
1111,9.956193e-01
1112,9.968140e-01
1113,9.960175e-01
1114,9.976105e-01
1115,9.976105e-01
1116,9.972123e-01
1117,9.956193e-01
1118,9.964158e-01
1119,9.956193e-01
1120,9.968140e-01
1121,9.964158e-01
1122,9.964158e-01
1123,9.960175e-01
1124,9.968140e-01
1125,9.968140e-01
1126,9.964158e-01
1127,9.964158e-01
1128,9.972123e-01
1129,9.964158e-01
1130,9.972123e-01
1131,9.964158e-01
1132,9.964158e-01
1133,9.960175e-01
1134,9.968140e-01
1135,9.960175e-01
1136,9.964158e-01
1137,9.960175e-01
1138,9.972123e-01
1139,9.960175e-01
1140,9.972123e-01
1141,9.968140e-01
1142,9.968140e-01
1143,9.960175e-01
1144,9.964158e-01
1145,9.964158e-01
1146,9.980088e-01
1147,9.960175e-01
1148,9.964158e-01
1149,9.960175e-01
1150,9.972123e-01
1151,9.964158e-01
1152,9.968140e-01
1153,9.964158e-01
1154,9.964158e-01
1155,9.960175e-01
1156,9.968140e-01
1157,9.960175e-01
1158,9.968140e-01
1159,9.956193e-01
1160,9.968140e-01
1161,9.960175e-01
1162,9.972123e-01
1163,9.956193e-01
1164,9.968140e-01
1165,9.964158e-01
1166,9.972123e-01
1167,9.960175e-01
1168,9.964158e-01
1169,9.956193e-01
1170,9.972123e-01
1171,9.960175e-01
1172,9.968140e-01
1173,9.960175e-01
1174,9.984070e-01
1175,9.964158e-01
1176,9.968140e-01
1177,9.960175e-01
1178,9.964158e-01
1179,9.956193e-01
1180,9.968140e-01
1181,9.956193e-01
1182,9.964158e-01
1183,9.960175e-01
1184,9.964158e-01
1185,9.964158e-01
1186,9.968140e-01
1187,9.960175e-01
1188,9.968140e-01
1189,9.968140e-01
1190,9.968140e-01
1191,9.952210e-01
1192,9.968140e-01
1193,9.956193e-01
1194,9.964158e-01
1195,9.960175e-01
1196,9.968140e-01
1197,9.960175e-01
1198,9.968140e-01
1199,9.956193e-01
1200,9.972123e-01
1201,9.960175e-01
1202,9.968140e-01
1203,9.956193e-01
1204,9.968140e-01
1205,9.964158e-01
1206,9.964158e-01
1207,9.956193e-01
1208,9.960175e-01
1209,9.968140e-01
1210,9.968140e-01
1211,9.968140e-01
1212,9.960175e-01
1213,9.960175e-01
1214,9.960175e-01
1215,9.956193e-01
1216,9.960175e-01
1217,9.968140e-01
1218,9.968140e-01
1219,9.956193e-01
1220,9.964158e-01
1221,9.952210e-01
1222,9.972123e-01
1223,9.960175e-01
1224,9.976105e-01
1225,9.964158e-01
1226,9.968140e-01
1227,9.964158e-01
1228,9.972123e-01
1229,9.956193e-01
1230,9.968140e-01
1231,9.964158e-01
1232,9.972123e-01
1233,9.960175e-01
1234,9.964158e-01
1235,9.960175e-01
1236,9.984070e-01
1237,9.984070e-01
1238,9.960175e-01
1239,9.944245e-01
1240,9.968140e-01
1241,9.960175e-01
1242,9.968140e-01
1243,9.960175e-01
1244,9.964158e-01
1245,9.956193e-01
1246,9.968140e-01
1247,9.960175e-01
1248,9.968140e-01
1249,9.964158e-01
1250,9.972123e-01
1251,9.964158e-01
1252,9.968140e-01
1253,9.960175e-01
1254,9.964158e-01
1255,9.964158e-01
1256,9.968140e-01
1257,9.964158e-01
1258,9.972123e-01
1259,9.960175e-01
1260,9.960175e-01
1261,9.960175e-01
1262,9.972123e-01
1263,9.956193e-01
1264,9.948228e-01
1265,9.968140e-01
1266,9.968140e-01
1267,9.948228e-01
1268,9.964158e-01
1269,9.956193e-01
1270,9.976105e-01
1271,9.956193e-01
1272,9.964158e-01
1273,9.956193e-01
1274,9.968140e-01
1275,9.964158e-01
1276,9.976105e-01
1277,9.960175e-01
1278,9.968140e-01
1279,9.964158e-01
1280,9.964158e-01
1281,9.956193e-01
1282,9.972123e-01
1283,9.964158e-01
1284,9.968140e-01
1285,9.956193e-01
1286,9.968140e-01
1287,9.964158e-01
1288,9.968140e-01
1289,9.960175e-01
1290,9.968140e-01
1291,9.968140e-01
1292,9.972123e-01
1293,9.952210e-01
1294,9.964158e-01
1295,9.964158e-01
1296,9.964158e-01
1297,9.956193e-01
1298,9.960175e-01
1299,9.968140e-01
1300,9.968140e-01
1301,9.964158e-01
1302,9.972123e-01
1303,9.960175e-01
1304,9.972123e-01
1305,9.960175e-01
1306,9.968140e-01
1307,9.964158e-01
1308,9.964158e-01
1309,9.960175e-01
1310,9.968140e-01
1311,9.956193e-01
1312,9.964158e-01
1313,9.964158e-01
1314,9.964158e-01
1315,9.960175e-01
1316,9.968140e-01
1317,9.960175e-01
1318,9.968140e-01
1319,9.952210e-01
1320,9.968140e-01
1321,9.964158e-01
1322,9.964158e-01
1323,9.956193e-01
1324,9.968140e-01
1325,9.960175e-01
1326,9.972123e-01
1327,9.960175e-01
1328,9.964158e-01
1329,9.968140e-01
1330,9.972123e-01
1331,9.952210e-01
1332,9.972123e-01
1333,9.960175e-01
1334,9.968140e-01
1335,9.964158e-01
1336,9.964158e-01
1337,9.960175e-01
1338,9.968140e-01
1339,9.960175e-01
1340,9.968140e-01
1341,9.964158e-01
1342,9.968140e-01
1343,9.964158e-01
1344,9.976105e-01
1345,9.956193e-01
1346,9.964158e-01
1347,9.960175e-01
1348,9.972123e-01
1349,9.956193e-01
1350,9.968140e-01
1351,9.960175e-01
1352,9.968140e-01
1353,9.956193e-01
1354,9.972123e-01
1355,9.964158e-01
1356,9.968140e-01
1357,9.956193e-01
1358,9.964158e-01
1359,9.964158e-01
1360,9.968140e-01
1361,9.960175e-01
1362,9.968140e-01
1363,9.960175e-01
1364,9.968140e-01
1365,9.952210e-01
1366,9.972123e-01
1367,9.964158e-01
1368,9.968140e-01
1369,9.956193e-01
1370,9.968140e-01
1371,9.952210e-01
1372,9.968140e-01
1373,9.956193e-01
1374,9.968140e-01
1375,9.952210e-01
1376,9.972123e-01
1377,9.956193e-01
1378,9.968140e-01
1379,9.960175e-01
1380,9.972123e-01
1381,9.960175e-01
1382,9.968140e-01
1383,9.956193e-01
1384,9.960175e-01
1385,9.960175e-01
1386,9.968140e-01
1387,9.956193e-01
1388,9.956193e-01
1389,9.956193e-01
1390,9.972123e-01
1391,9.956193e-01
1392,9.968140e-01
1393,9.952210e-01
1394,9.960175e-01
1395,9.956193e-01
1396,9.968140e-01
1397,9.948228e-01
1398,9.968140e-01
1399,9.956193e-01
1400,9.976105e-01
1401,9.952210e-01
1402,9.968140e-01
1403,9.952210e-01
1404,9.964158e-01
1405,9.952210e-01
1406,9.976105e-01
1407,9.948228e-01
1408,9.964158e-01
1409,9.940263e-01
1410,9.968140e-01
1411,9.948228e-01
1412,9.964158e-01
1413,9.948228e-01
1414,9.972123e-01
1415,9.952210e-01
1416,9.968140e-01
1417,9.944245e-01
1418,9.964158e-01
1419,9.952210e-01
1420,9.972123e-01
1421,9.944245e-01
1422,9.968140e-01
1423,9.948228e-01
1424,9.968140e-01
1425,9.948228e-01
1426,9.972123e-01
1427,9.952210e-01
1428,9.968140e-01
1429,9.944245e-01
1430,9.964158e-01
1431,9.944245e-01
1432,9.976105e-01
1433,9.948228e-01
1434,9.964158e-01
1435,9.948228e-01
1436,9.960175e-01
1437,9.948228e-01
1438,9.968140e-01
1439,9.936280e-01
1440,9.968140e-01
1441,9.952210e-01
1442,9.964158e-01
1443,9.948228e-01
1444,9.968140e-01
1445,9.940263e-01
1446,9.988053e-01
1447,9.948228e-01
1448,9.968140e-01
1449,9.944245e-01
1450,9.964158e-01
1451,9.952210e-01
1452,9.972123e-01
1453,9.924333e-01
1454,9.968140e-01
1455,9.944245e-01
1456,9.968140e-01
1457,9.948228e-01
1458,9.964158e-01
1459,9.940263e-01
1460,9.968140e-01
1461,9.940263e-01
1462,9.964158e-01
1463,9.936280e-01
1464,9.968140e-01
1465,9.944245e-01
1466,9.972123e-01
1467,9.952210e-01
1468,9.964158e-01
1469,9.940263e-01
1470,9.964158e-01
1471,9.948228e-01
1472,9.980088e-01
1473,9.948228e-01
1474,9.968140e-01
1475,9.948228e-01
1476,9.968140e-01
1477,9.948228e-01
1478,9.960175e-01
1479,9.944245e-01
1480,9.968140e-01
1481,9.928315e-01
1482,9.968140e-01
1483,9.944245e-01
1484,9.976105e-01
1485,9.948228e-01
1486,9.972123e-01
1487,9.944245e-01
1488,9.960175e-01
1489,9.940263e-01
1490,9.968140e-01
1491,9.944245e-01
1492,9.956193e-01
1493,9.944245e-01
1494,9.964158e-01
1495,9.944245e-01
1496,9.964158e-01
1497,9.944245e-01
1498,9.964158e-01
1499,9.944245e-01
1500,9.964158e-01
1501,9.948228e-01
1502,9.972123e-01
1503,9.944245e-01
1504,9.972123e-01
1505,9.944245e-01
1506,9.972123e-01
1507,9.952210e-01
1508,9.968140e-01
1509,9.960175e-01
1510,9.968140e-01
1511,9.936280e-01
1512,9.984070e-01
1513,9.944245e-01
1514,9.972123e-01
1515,9.936280e-01
1516,9.960175e-01
1517,9.948228e-01
1518,9.964158e-01
1519,9.940263e-01
1520,9.964158e-01
1521,9.936280e-01
1522,9.972123e-01
1523,9.944245e-01
1524,9.960175e-01
1525,9.944245e-01
1526,9.968140e-01
1527,9.944245e-01
1528,9.984070e-01
1529,9.936280e-01
1530,9.972123e-01
1531,9.948228e-01
1532,9.972123e-01
1533,9.952210e-01
1534,9.960175e-01
1535,9.936280e-01
1536,9.972123e-01
1537,9.912386e-01
1538,9.968140e-01
1539,9.948228e-01
1540,9.968140e-01
1541,9.948228e-01
1542,9.968140e-01
1543,9.944245e-01
1544,9.956193e-01
1545,9.944245e-01
1546,9.964158e-01
1547,9.948228e-01
1548,9.964158e-01
1549,9.944245e-01
1550,9.952210e-01
1551,9.944245e-01
1552,9.968140e-01
1553,9.944245e-01
1554,9.968140e-01
1555,9.948228e-01
1556,9.972123e-01
1557,9.936280e-01
1558,9.964158e-01
1559,9.956193e-01
1560,9.968140e-01
1561,9.944245e-01
1562,9.964158e-01
1563,9.944245e-01
1564,9.968140e-01
1565,9.944245e-01
1566,9.956193e-01
1567,9.944245e-01
1568,9.960175e-01
1569,9.940263e-01
1570,9.964158e-01
1571,9.964158e-01
1572,9.968140e-01
1573,9.944245e-01
1574,9.960175e-01
1575,9.944245e-01
1576,9.964158e-01
1577,9.940263e-01
1578,9.968140e-01
1579,9.940263e-01
1580,9.968140e-01
1581,9.944245e-01
1582,9.968140e-01
1583,9.940263e-01
1584,9.968140e-01
1585,9.944245e-01
1586,9.964158e-01
1587,9.952210e-01
1588,9.968140e-01
1589,9.948228e-01
1590,9.972123e-01
1591,9.952210e-01
1592,9.968140e-01
1593,9.932298e-01
1594,9.968140e-01
1595,9.944245e-01
1596,9.964158e-01
1597,9.944245e-01
1598,9.964158e-01
1599,9.948228e-01
1600,9.968140e-01
1601,9.940263e-01
1602,9.976105e-01
1603,9.948228e-01
1604,9.968140e-01
1605,9.936280e-01
1606,9.968140e-01
1607,9.944245e-01
1608,9.976105e-01
1609,9.944245e-01
1610,9.964158e-01
1611,9.936280e-01
1612,9.968140e-01
1613,9.944245e-01
1614,9.972123e-01
1615,9.944245e-01
1616,9.968140e-01
1617,9.944245e-01
1618,9.960175e-01
1619,9.940263e-01
1620,9.964158e-01
1621,9.952210e-01
1622,9.960175e-01
1623,9.940263e-01
1624,9.964158e-01
1625,9.944245e-01
1626,9.972123e-01
1627,9.944245e-01
1628,9.960175e-01
1629,9.944245e-01
1630,9.968140e-01
1631,9.940263e-01
1632,9.964158e-01
1633,9.936280e-01
1634,9.972123e-01
1635,9.948228e-01
1636,9.976105e-01
1637,9.944245e-01
1638,9.968140e-01
1639,9.944245e-01
1640,9.968140e-01
1641,9.940263e-01
1642,9.972123e-01
1643,9.944245e-01
1644,9.956193e-01
1645,9.936280e-01
1646,9.968140e-01
1647,9.944245e-01
1648,9.964158e-01
1649,9.940263e-01
1650,9.972123e-01
1651,9.948228e-01
1652,9.968140e-01
1653,9.948228e-01
1654,9.964158e-01
1655,9.944245e-01
1656,9.968140e-01
1657,9.948228e-01
1658,9.980088e-01
1659,9.944245e-01
1660,9.968140e-01
1661,9.964158e-01
1662,9.964158e-01
1663,9.948228e-01
1664,9.976105e-01
1665,9.940263e-01
1666,9.972123e-01
1667,9.944245e-01
1668,9.968140e-01
1669,9.944245e-01
1670,9.968140e-01
1671,9.936280e-01
1672,9.964158e-01
1673,9.944245e-01
1674,9.968140e-01
1675,9.948228e-01
1676,9.972123e-01
1677,9.944245e-01
1678,9.960175e-01
1679,9.944245e-01
1680,9.968140e-01
1681,9.944245e-01
1682,9.968140e-01
1683,9.948228e-01
1684,9.968140e-01
1685,9.952210e-01
1686,9.968140e-01
1687,9.948228e-01
1688,9.968140e-01
1689,9.936280e-01
1690,9.968140e-01
1691,9.948228e-01
1692,9.960175e-01
1693,9.944245e-01
1694,9.972123e-01
1695,9.948228e-01
1696,9.964158e-01
1697,9.936280e-01
1698,9.968140e-01
1699,9.944245e-01
1700,9.968140e-01
1701,9.952210e-01
1702,9.964158e-01
1703,9.948228e-01
1704,9.964158e-01
1705,9.936280e-01
1706,9.968140e-01
1707,9.944245e-01
1708,9.968140e-01
1709,9.944245e-01
1710,9.968140e-01
1711,9.936280e-01
1712,9.968140e-01
1713,9.944245e-01
1714,9.960175e-01
1715,9.936280e-01
1716,9.964158e-01
1717,9.944245e-01
1718,9.972123e-01
1719,9.936280e-01
1720,9.968140e-01
1721,9.948228e-01
1722,9.968140e-01
1723,9.944245e-01
1724,9.968140e-01
1725,9.944245e-01
1726,9.960175e-01
1727,9.948228e-01
1728,9.968140e-01
1729,9.944245e-01
1730,9.972123e-01
1731,9.944245e-01
1732,9.960175e-01
1733,9.944245e-01
1734,9.972123e-01
1735,9.948228e-01
1736,9.960175e-01
1737,9.952210e-01
1738,9.980088e-01
1739,9.932298e-01
1740,9.968140e-01
1741,9.940263e-01
1742,9.972123e-01
1743,9.936280e-01
1744,9.964158e-01
1745,9.944245e-01
1746,9.972123e-01
1747,9.948228e-01
1748,9.968140e-01
1749,9.940263e-01
1750,9.968140e-01
1751,9.972123e-01
1752,9.968140e-01
1753,9.948228e-01
1754,9.964158e-01
1755,9.948228e-01
1756,9.968140e-01
1757,9.940263e-01
1758,9.964158e-01
1759,9.948228e-01
1760,9.972123e-01
1761,9.944245e-01
1762,9.968140e-01
1763,9.944245e-01
1764,9.964158e-01
1765,9.944245e-01
1766,9.968140e-01
1767,9.944245e-01
1768,9.956193e-01
1769,9.936280e-01
1770,9.968140e-01
1771,9.936280e-01
1772,9.968140e-01
1773,9.948228e-01
1774,9.972123e-01
1775,9.944245e-01
1776,9.968140e-01
1777,9.944245e-01
1778,9.964158e-01
1779,9.944245e-01
1780,9.964158e-01
1781,9.948228e-01
1782,9.980088e-01
1783,9.948228e-01
1784,9.972123e-01
1785,9.952210e-01
1786,9.968140e-01
1787,9.948228e-01
1788,9.980088e-01
1789,9.948228e-01
1790,9.976105e-01
1791,9.936280e-01
1792,9.964158e-01
1793,9.948228e-01
1794,9.960175e-01
1795,9.936280e-01
1796,9.964158e-01
1797,9.944245e-01
1798,9.964158e-01
1799,9.944245e-01
1800,9.964158e-01
1801,9.948228e-01
1802,9.968140e-01
1803,9.944245e-01
1804,9.964158e-01
1805,9.944245e-01
1806,9.964158e-01
1807,9.936280e-01
1808,9.976105e-01
1809,9.948228e-01
1810,9.964158e-01
1811,9.936280e-01
1812,9.956193e-01
1813,9.944245e-01
1814,9.972123e-01
1815,9.948228e-01
1816,9.956193e-01
1817,9.952210e-01
1818,9.968140e-01
1819,9.940263e-01
1820,9.964158e-01
1821,9.944245e-01
1822,9.964158e-01
1823,9.948228e-01
1824,9.972123e-01
1825,9.944245e-01
1826,9.972123e-01
1827,9.944245e-01
1828,9.968140e-01
1829,9.944245e-01
1830,9.968140e-01
1831,9.944245e-01
1832,9.964158e-01
1833,9.948228e-01
1834,9.964158e-01
1835,9.952210e-01
1836,9.964158e-01
1837,9.948228e-01
1838,9.976105e-01
1839,9.944245e-01
1840,9.960175e-01
1841,9.940263e-01
1842,9.972123e-01
1843,9.948228e-01
1844,9.964158e-01
1845,9.940263e-01
1846,9.968140e-01
1847,9.944245e-01
1848,9.968140e-01
1849,9.944245e-01
1850,9.968140e-01
1851,9.944245e-01
1852,9.968140e-01
1853,9.936280e-01
1854,9.964158e-01
1855,9.944245e-01
1856,9.964158e-01
1857,9.944245e-01
1858,9.964158e-01
1859,9.944245e-01
1860,9.968140e-01
1861,9.948228e-01
1862,9.976105e-01
1863,9.936280e-01
1864,9.968140e-01
1865,9.944245e-01
1866,9.968140e-01
1867,9.944245e-01
1868,9.964158e-01
1869,9.940263e-01
1870,9.972123e-01
1871,9.952210e-01
1872,9.956193e-01
1873,9.948228e-01
1874,9.972123e-01
1875,9.920350e-01
1876,9.964158e-01
1877,9.936280e-01
1878,9.956193e-01
1879,9.944245e-01
1880,9.968140e-01
1881,9.936280e-01
1882,9.968140e-01
1883,9.948228e-01
1884,9.968140e-01
1885,9.948228e-01
1886,9.968140e-01
1887,9.952210e-01
1888,9.964158e-01
1889,9.944245e-01
1890,9.968140e-01
1891,9.936280e-01
1892,9.972123e-01
1893,9.952210e-01
1894,9.964158e-01
1895,9.936280e-01
1896,9.964158e-01
1897,9.960175e-01
1898,9.968140e-01
1899,9.952210e-01
1900,9.968140e-01
1901,9.940263e-01
1902,9.964158e-01
1903,9.944245e-01
1904,9.972123e-01
1905,9.948228e-01
1906,9.960175e-01
1907,9.948228e-01
1908,9.972123e-01
1909,9.944245e-01
1910,9.964158e-01
1911,9.936280e-01
1912,9.968140e-01
1913,9.948228e-01
1914,9.972123e-01
1915,9.932298e-01
1916,9.964158e-01
1917,9.944245e-01
1918,9.968140e-01
1919,9.936280e-01
1920,9.964158e-01
1921,9.936280e-01
1922,9.964158e-01
1923,9.944245e-01
1924,9.968140e-01
1925,9.944245e-01
1926,9.968140e-01
1927,9.952210e-01
1928,9.972123e-01
1929,9.948228e-01
1930,9.964158e-01
1931,9.916368e-01
1932,9.964158e-01
1933,9.952210e-01
1934,9.968140e-01
1935,9.944245e-01
1936,9.968140e-01
1937,9.944245e-01
1938,9.968140e-01
1939,9.940263e-01
1940,9.972123e-01
1941,9.948228e-01
1942,9.968140e-01
1943,9.944245e-01
1944,9.960175e-01
1945,9.944245e-01
1946,9.976105e-01
1947,9.944245e-01
1948,9.968140e-01
1949,9.944245e-01
1950,9.968140e-01
1951,9.948228e-01
1952,9.968140e-01
1953,9.944245e-01
1954,9.968140e-01
1955,9.940263e-01
1956,9.972123e-01
1957,9.944245e-01
1958,9.964158e-01
1959,9.944245e-01
1960,9.968140e-01
1961,9.944245e-01
1962,9.972123e-01
1963,9.948228e-01
1964,9.960175e-01
1965,9.928315e-01
1966,9.972123e-01
1967,9.944245e-01
1968,9.964158e-01
1969,9.936280e-01
1970,9.964158e-01
1971,9.948228e-01
1972,9.968140e-01
1973,9.936280e-01
1974,9.972123e-01
1975,9.948228e-01
1976,9.972123e-01
1977,9.944245e-01
1978,9.968140e-01
1979,9.936280e-01
1980,9.960175e-01
1981,9.944245e-01
1982,9.968140e-01
1983,9.936280e-01
1984,9.968140e-01
1985,9.944245e-01
1986,9.968140e-01
1987,9.944245e-01
1988,9.964158e-01
1989,9.940263e-01
1990,9.964158e-01
1991,9.948228e-01
1992,9.968140e-01
1993,9.944245e-01
1994,9.964158e-01
1995,9.936280e-01
1996,9.960175e-01
1997,9.944245e-01
1998,9.964158e-01
1999,9.932298e-01
2000,9.968140e-01
2001,9.948228e-01
2002,9.972123e-01
2003,9.940263e-01
2004,9.972123e-01
2005,9.948228e-01
2006,9.972123e-01
2007,9.948228e-01
2008,9.964158e-01
2009,9.944245e-01
2010,9.964158e-01
2011,9.932298e-01
2012,9.968140e-01
2013,9.948228e-01
2014,9.964158e-01
2015,9.940263e-01
2016,9.968140e-01
2017,9.948228e-01
2018,9.964158e-01
2019,9.944245e-01
2020,9.964158e-01
2021,9.940263e-01
2022,9.964158e-01
2023,9.944245e-01
2024,9.960175e-01
2025,9.944245e-01
2026,9.968140e-01
2027,9.936280e-01
2028,9.972123e-01
2029,9.944245e-01
2030,9.960175e-01
2031,9.944245e-01
2032,9.972123e-01
2033,9.948228e-01
2034,9.964158e-01
2035,9.948228e-01
2036,9.972123e-01
2037,9.944245e-01
2038,9.960175e-01
2039,9.948228e-01
2040,9.968140e-01
2041,9.936280e-01
2042,9.960175e-01
2043,9.936280e-01
2044,9.964158e-01
2045,9.952210e-01
2046,9.968140e-01
2047,9.936280e-01
2048,9.960175e-01
2049,9.944245e-01
2050,9.964158e-01
2051,9.948228e-01
2052,9.964158e-01
2053,9.940263e-01
2054,9.968140e-01
2055,9.944245e-01
2056,9.972123e-01
2057,9.944245e-01
2058,9.968140e-01
2059,9.940263e-01
2060,9.960175e-01
2061,9.932298e-01
2062,9.968140e-01
2063,9.944245e-01
2064,9.964158e-01
2065,9.940263e-01
2066,9.968140e-01
2067,9.944245e-01
2068,9.968140e-01
2069,9.936280e-01
2070,9.984070e-01
2071,9.944245e-01
2072,9.968140e-01
2073,9.944245e-01
2074,9.968140e-01
2075,9.948228e-01
2076,9.980088e-01
2077,9.944245e-01
2078,9.964158e-01
2079,9.944245e-01
2080,9.972123e-01
2081,9.940263e-01
2082,9.972123e-01
2083,9.936280e-01
2084,9.968140e-01
2085,9.952210e-01
2086,9.968140e-01
2087,9.936280e-01
2088,9.964158e-01
2089,9.944245e-01
2090,9.968140e-01
2091,9.952210e-01
2092,9.960175e-01
2093,9.944245e-01
2094,9.960175e-01
2095,9.944245e-01
2096,9.968140e-01
2097,9.932298e-01
2098,9.968140e-01
2099,9.944245e-01
2100,9.968140e-01
2101,9.928315e-01
2102,9.960175e-01
2103,9.944245e-01
2104,9.976105e-01
2105,9.944245e-01
2106,9.968140e-01
2107,9.936280e-01
2108,9.968140e-01
2109,9.944245e-01
2110,9.964158e-01
2111,9.944245e-01
2112,9.968140e-01
2113,9.948228e-01
2114,9.968140e-01
2115,9.936280e-01
2116,9.968140e-01
2117,9.944245e-01
2118,9.968140e-01
2119,9.948228e-01
2120,9.972123e-01
2121,9.948228e-01
2122,9.964158e-01
2123,9.944245e-01
2124,9.968140e-01
2125,9.936280e-01
2126,9.964158e-01
2127,9.948228e-01
2128,9.980088e-01
2129,9.940263e-01
2130,9.960175e-01
2131,9.944245e-01
2132,9.976105e-01
2133,9.948228e-01
2134,9.972123e-01
2135,9.944245e-01
2136,9.968140e-01
2137,9.944245e-01
2138,9.968140e-01
2139,9.948228e-01
2140,9.972123e-01
2141,9.944245e-01
2142,9.964158e-01
2143,9.944245e-01
2144,9.964158e-01
2145,9.948228e-01
2146,9.972123e-01
2147,9.944245e-01
2148,9.968140e-01
2149,9.944245e-01
2150,9.968140e-01
2151,9.948228e-01
2152,9.968140e-01
2153,9.944245e-01
2154,9.964158e-01
2155,9.940263e-01
2156,9.968140e-01
2157,9.936280e-01
2158,9.964158e-01
2159,9.948228e-01
2160,9.984070e-01
2161,9.936280e-01
2162,9.964158e-01
2163,9.944245e-01
2164,9.964158e-01
2165,9.948228e-01
2166,9.968140e-01
2167,9.952210e-01
2168,9.968140e-01
2169,9.940263e-01
2170,9.964158e-01
2171,9.944245e-01
2172,9.964158e-01
2173,9.952210e-01
2174,9.972123e-01
2175,9.944245e-01
2176,9.960175e-01
2177,9.948228e-01
2178,9.976105e-01
2179,9.956193e-01
2180,9.968140e-01
2181,9.940263e-01
2182,9.964158e-01
2183,9.944245e-01
2184,9.968140e-01
2185,9.936280e-01
2186,9.968140e-01
2187,9.944245e-01
2188,9.968140e-01
2189,9.948228e-01
2190,9.968140e-01
2191,9.948228e-01
2192,9.972123e-01
2193,9.944245e-01
2194,9.964158e-01
2195,9.936280e-01
2196,9.960175e-01
2197,9.944245e-01
2198,9.964158e-01
2199,9.948228e-01
2200,9.968140e-01
2201,9.948228e-01
2202,9.964158e-01
2203,9.944245e-01
2204,9.964158e-01
2205,9.944245e-01
2206,9.964158e-01
2207,9.948228e-01
2208,9.968140e-01
2209,9.948228e-01
2210,9.972123e-01
2211,9.948228e-01
2212,9.968140e-01
2213,9.944245e-01
2214,9.976105e-01
2215,9.932298e-01
2216,9.960175e-01
2217,9.936280e-01
2218,9.968140e-01
2219,9.940263e-01
2220,9.956193e-01
2221,9.936280e-01
2222,9.960175e-01
2223,9.944245e-01
2224,9.972123e-01
2225,9.952210e-01
2226,9.964158e-01
2227,9.944245e-01
2228,9.972123e-01
2229,9.956193e-01
2230,9.972123e-01
2231,9.948228e-01
2232,9.956193e-01
2233,9.936280e-01
2234,9.964158e-01
2235,9.940263e-01
2236,9.972123e-01
2237,9.936280e-01
2238,1.000000e+00
2239,9.932298e-01
2240,9.964158e-01
2241,9.948228e-01
2242,9.976105e-01
2243,9.944245e-01
2244,9.948228e-01
2245,9.944245e-01
2246,9.960175e-01
2247,9.960175e-01
2248,9.968140e-01
2249,9.948228e-01
2250,9.968140e-01
2251,9.948228e-01
2252,9.960175e-01
2253,9.936280e-01
2254,9.972123e-01
2255,9.940263e-01
2256,9.960175e-01
2257,9.948228e-01
2258,9.976105e-01
2259,9.944245e-01
2260,9.964158e-01
2261,9.936280e-01
2262,9.964158e-01
2263,9.932298e-01
2264,9.968140e-01
2265,9.940263e-01
2266,9.968140e-01
2267,9.948228e-01
2268,9.968140e-01
2269,9.936280e-01
2270,9.964158e-01
2271,9.948228e-01
2272,9.964158e-01
2273,9.948228e-01
2274,9.964158e-01
2275,9.932298e-01
2276,9.964158e-01
2277,9.952210e-01
2278,9.968140e-01
2279,9.944245e-01
2280,9.964158e-01
2281,9.940263e-01
2282,9.972123e-01
2283,9.940263e-01
2284,9.972123e-01
2285,9.944245e-01
2286,9.968140e-01
2287,9.944245e-01
2288,9.968140e-01
2289,9.936280e-01
2290,9.968140e-01
2291,9.940263e-01
2292,9.968140e-01
2293,9.944245e-01
2294,9.964158e-01
2295,9.944245e-01
2296,9.964158e-01
2297,9.944245e-01
2298,9.968140e-01
2299,9.936280e-01
2300,9.968140e-01
2301,9.952210e-01
2302,9.968140e-01
2303,9.944245e-01
2304,9.976105e-01
2305,9.944245e-01
2306,9.968140e-01
2307,9.948228e-01
2308,9.972123e-01
2309,9.960175e-01
2310,9.964158e-01
2311,9.940263e-01
2312,9.964158e-01
2313,9.944245e-01
2314,9.968140e-01
2315,9.940263e-01
2316,9.968140e-01
2317,9.948228e-01
2318,9.964158e-01
2319,9.940263e-01
2320,9.976105e-01
2321,9.948228e-01
2322,9.972123e-01
2323,9.960175e-01
2324,9.968140e-01
2325,9.944245e-01
2326,9.964158e-01
2327,9.948228e-01
2328,9.964158e-01
2329,9.948228e-01
2330,9.972123e-01
2331,9.952210e-01
2332,9.964158e-01
2333,9.936280e-01
2334,9.952210e-01
2335,9.944245e-01
2336,9.968140e-01
2337,9.948228e-01
2338,9.964158e-01
2339,9.948228e-01
2340,9.964158e-01
2341,9.940263e-01
2342,9.968140e-01
2343,9.936280e-01
2344,9.960175e-01
2345,9.944245e-01
2346,9.964158e-01
2347,9.940263e-01
2348,9.968140e-01
2349,9.948228e-01
2350,9.964158e-01
2351,9.952210e-01
2352,9.968140e-01
2353,9.944245e-01
2354,9.964158e-01
2355,9.948228e-01
2356,9.968140e-01
2357,9.936280e-01
2358,9.976105e-01
2359,9.948228e-01
2360,9.968140e-01
2361,9.944245e-01
2362,9.968140e-01
2363,9.940263e-01
2364,9.968140e-01
2365,9.920350e-01
2366,9.964158e-01
2367,9.952210e-01
2368,9.976105e-01
2369,9.936280e-01
2370,9.964158e-01
2371,9.920350e-01
2372,9.964158e-01
2373,9.948228e-01
2374,9.972123e-01
2375,9.944245e-01
2376,9.968140e-01
2377,9.944245e-01
2378,9.968140e-01
2379,9.944245e-01
2380,9.960175e-01
2381,9.948228e-01
2382,9.972123e-01
2383,9.944245e-01
2384,9.968140e-01
2385,9.948228e-01
2386,9.968140e-01
2387,9.948228e-01
2388,9.968140e-01
2389,9.936280e-01
2390,9.960175e-01
2391,9.940263e-01
2392,9.972123e-01
2393,9.944245e-01
2394,9.968140e-01
2395,9.948228e-01
2396,9.968140e-01
2397,9.940263e-01
2398,9.960175e-01
2399,9.960175e-01
2400,9.968140e-01
2401,9.948228e-01
2402,9.952210e-01
2403,9.944245e-01
2404,9.968140e-01
2405,9.944245e-01
2406,9.968140e-01
2407,9.940263e-01
2408,9.964158e-01
2409,9.948228e-01
2410,9.972123e-01
2411,9.936280e-01
2412,9.968140e-01
2413,9.952210e-01
2414,9.968140e-01
2415,9.948228e-01
2416,9.964158e-01
2417,9.940263e-01
2418,9.960175e-01
2419,9.936280e-01
2420,9.972123e-01
2421,9.936280e-01
2422,9.968140e-01
2423,9.940263e-01
2424,9.964158e-01
2425,9.944245e-01
2426,9.968140e-01
2427,9.940263e-01
2428,9.968140e-01
2429,9.944245e-01
2430,9.976105e-01
2431,9.944245e-01
2432,9.964158e-01
2433,9.952210e-01
2434,9.964158e-01
2435,9.936280e-01
2436,9.968140e-01
2437,9.944245e-01
2438,9.968140e-01
2439,9.952210e-01
2440,9.972123e-01
2441,9.952210e-01
2442,9.976105e-01
2443,9.944245e-01
2444,9.968140e-01
2445,9.944245e-01
2446,9.968140e-01
2447,9.936280e-01
2448,9.968140e-01
2449,9.948228e-01
2450,9.968140e-01
2451,9.944245e-01
2452,9.968140e-01
2453,9.948228e-01
2454,9.960175e-01
2455,9.948228e-01
2456,9.964158e-01
2457,9.944245e-01
2458,9.972123e-01
2459,9.944245e-01
2460,9.972123e-01
2461,9.932298e-01
2462,9.968140e-01
2463,9.948228e-01
2464,9.960175e-01
2465,9.948228e-01
2466,9.964158e-01
2467,9.948228e-01
2468,9.968140e-01
2469,9.936280e-01
2470,9.972123e-01
2471,9.944245e-01
2472,9.968140e-01
2473,9.944245e-01
2474,9.968140e-01
2475,9.948228e-01
2476,9.972123e-01
2477,9.952210e-01
2478,9.968140e-01
2479,9.944245e-01
2480,9.964158e-01
2481,9.944245e-01
2482,9.964158e-01
2483,9.924333e-01
2484,9.964158e-01
2485,9.948228e-01
2486,9.944245e-01
2487,9.956193e-01
2488,9.972123e-01
2489,9.936280e-01
2490,9.964158e-01
2491,9.944245e-01
2492,9.956193e-01
2493,9.940263e-01
2494,9.964158e-01
2495,9.944245e-01
2496,9.964158e-01
2497,9.948228e-01
2498,9.964158e-01
2499,9.944245e-01
2500,9.968140e-01
2501,9.948228e-01
2502,9.960175e-01
2503,9.940263e-01
2504,9.964158e-01
2505,9.940263e-01
2506,9.964158e-01
2507,9.944245e-01
2508,9.964158e-01
2509,9.948228e-01
2510,9.968140e-01
2511,9.944245e-01
2512,9.968140e-01
2513,9.944245e-01
2514,9.968140e-01
2515,9.940263e-01
2516,9.964158e-01
2517,9.968140e-01
2518,9.972123e-01
2519,9.944245e-01
2520,9.964158e-01
2521,9.944245e-01
2522,9.968140e-01
2523,9.944245e-01
2524,9.968140e-01
2525,9.948228e-01
2526,9.972123e-01
2527,9.964158e-01
2528,9.980088e-01
2529,9.932298e-01
2530,9.964158e-01
2531,9.948228e-01
2532,9.968140e-01
2533,9.952210e-01
2534,9.964158e-01
2535,9.948228e-01
2536,9.968140e-01
2537,9.944245e-01
2538,9.960175e-01
2539,9.944245e-01
2540,9.964158e-01
2541,9.952210e-01
2542,9.968140e-01
2543,9.948228e-01
2544,9.976105e-01
2545,9.940263e-01
2546,9.968140e-01
2547,9.948228e-01
2548,9.980088e-01
2549,9.944245e-01
2550,9.960175e-01
2551,9.948228e-01
2552,9.964158e-01
2553,9.948228e-01
2554,9.968140e-01
2555,9.952210e-01
2556,9.972123e-01
2557,9.944245e-01
2558,9.968140e-01
2559,9.936280e-01
2560,9.960175e-01
2561,9.936280e-01
2562,9.972123e-01
2563,9.944245e-01
2564,9.972123e-01
2565,9.944245e-01
2566,9.968140e-01
2567,9.948228e-01
2568,9.960175e-01
2569,9.936280e-01
2570,9.968140e-01
2571,9.936280e-01
2572,9.960175e-01
2573,9.944245e-01
2574,9.968140e-01
2575,9.948228e-01
2576,9.984070e-01
2577,9.948228e-01
2578,9.968140e-01
2579,9.936280e-01
2580,9.960175e-01
2581,9.944245e-01
2582,9.968140e-01
2583,9.940263e-01
2584,9.968140e-01
2585,9.940263e-01
2586,9.968140e-01
2587,9.944245e-01
2588,9.968140e-01
2589,9.944245e-01
2590,9.964158e-01
2591,9.940263e-01
2592,9.968140e-01
2593,9.936280e-01
2594,9.964158e-01
2595,9.940263e-01
2596,9.968140e-01
2597,9.944245e-01
2598,9.968140e-01
2599,9.936280e-01
2600,9.964158e-01
2601,9.944245e-01
2602,9.968140e-01
2603,9.944245e-01
2604,9.984070e-01
2605,9.948228e-01
2606,9.968140e-01
2607,9.936280e-01
2608,9.964158e-01
2609,9.940263e-01
2610,9.972123e-01
2611,9.940263e-01
2612,9.968140e-01
2613,9.948228e-01
2614,9.976105e-01
2615,9.948228e-01
2616,9.968140e-01
2617,9.944245e-01
2618,9.968140e-01
2619,9.940263e-01
2620,9.964158e-01
2621,9.944245e-01
2622,9.972123e-01
2623,9.948228e-01
2624,9.972123e-01
2625,9.944245e-01
2626,9.956193e-01
2627,9.944245e-01
2628,9.960175e-01
2629,9.940263e-01
2630,9.968140e-01
2631,9.952210e-01
2632,9.968140e-01
2633,9.940263e-01
2634,9.968140e-01
2635,9.948228e-01
2636,9.968140e-01
2637,9.948228e-01
2638,9.976105e-01
2639,9.944245e-01
2640,9.968140e-01
2641,9.944245e-01
2642,9.972123e-01
2643,9.952210e-01
2644,9.964158e-01
2645,9.948228e-01
2646,9.968140e-01
2647,9.936280e-01
2648,9.964158e-01
2649,9.944245e-01
2650,9.968140e-01
2651,9.936280e-01
2652,9.968140e-01
2653,9.944245e-01
2654,9.972123e-01
2655,9.936280e-01
2656,9.964158e-01
2657,9.948228e-01
2658,9.968140e-01
2659,9.944245e-01
2660,9.964158e-01
2661,9.936280e-01
2662,9.968140e-01
2663,9.936280e-01
2664,9.964158e-01
2665,9.944245e-01
2666,9.964158e-01
2667,9.948228e-01
2668,9.972123e-01
2669,9.944245e-01
2670,9.964158e-01
2671,9.944245e-01
2672,9.960175e-01
2673,9.948228e-01
2674,9.972123e-01
2675,9.944245e-01
2676,9.968140e-01
2677,9.944245e-01
2678,9.968140e-01
2679,9.932298e-01
2680,9.968140e-01
2681,9.936280e-01
2682,9.968140e-01
2683,9.948228e-01
2684,9.960175e-01
2685,9.940263e-01
2686,9.964158e-01
2687,9.944245e-01
2688,9.972123e-01
2689,9.944245e-01
2690,9.964158e-01
2691,9.940263e-01
2692,9.972123e-01
2693,9.948228e-01
2694,9.964158e-01
2695,9.944245e-01
2696,9.964158e-01
2697,9.936280e-01
2698,9.964158e-01
2699,9.948228e-01
2700,9.968140e-01
2701,9.940263e-01
2702,9.968140e-01
2703,9.940263e-01
2704,9.972123e-01
2705,9.948228e-01
2706,9.964158e-01
2707,9.936280e-01
2708,9.960175e-01
2709,9.952210e-01
2710,9.984070e-01
2711,9.936280e-01
2712,9.964158e-01
2713,9.936280e-01
2714,9.972123e-01
2715,9.960175e-01
2716,9.968140e-01
2717,9.956193e-01
2718,9.968140e-01
2719,9.944245e-01
2720,9.968140e-01
2721,9.944245e-01
2722,9.956193e-01
2723,9.948228e-01
2724,9.964158e-01
2725,9.944245e-01
2726,9.964158e-01
2727,9.940263e-01
2728,9.968140e-01
2729,9.948228e-01
2730,9.968140e-01
2731,9.936280e-01
2732,9.964158e-01
2733,9.948228e-01
2734,9.964158e-01
2735,9.944245e-01
2736,9.980088e-01
2737,9.940263e-01
2738,9.984070e-01
2739,9.936280e-01
2740,9.964158e-01
2741,9.944245e-01
2742,9.964158e-01
2743,9.936280e-01
2744,9.960175e-01
2745,9.944245e-01
2746,9.960175e-01
2747,9.960175e-01
2748,9.968140e-01
2749,9.948228e-01
2750,9.972123e-01
2751,9.948228e-01
2752,9.968140e-01
2753,9.936280e-01
2754,9.968140e-01
2755,9.944245e-01
2756,9.976105e-01
2757,9.944245e-01
2758,9.968140e-01
2759,9.936280e-01
2760,9.964158e-01
2761,9.948228e-01
2762,9.964158e-01
2763,9.948228e-01
2764,9.968140e-01
2765,9.944245e-01
2766,9.964158e-01
2767,9.944245e-01
2768,9.968140e-01
2769,9.948228e-01
2770,9.968140e-01
2771,9.944245e-01
2772,9.960175e-01
2773,9.936280e-01
2774,9.968140e-01
2775,9.948228e-01
2776,9.968140e-01
2777,9.944245e-01
2778,9.972123e-01
2779,9.944245e-01
2780,9.964158e-01
2781,9.936280e-01
2782,9.964158e-01
2783,9.944245e-01
2784,9.964158e-01
2785,9.948228e-01
2786,9.972123e-01
2787,9.936280e-01
2788,9.964158e-01
2789,9.944245e-01
2790,9.960175e-01
2791,9.944245e-01
2792,9.964158e-01
2793,9.944245e-01
2794,9.964158e-01
2795,9.936280e-01
2796,9.972123e-01
2797,9.948228e-01
2798,9.968140e-01
2799,9.952210e-01
2800,9.968140e-01
2801,9.944245e-01
2802,9.968140e-01
2803,9.928315e-01
2804,9.968140e-01
2805,9.944245e-01
2806,9.976105e-01
2807,9.944245e-01
2808,9.968140e-01
2809,9.948228e-01
2810,9.976105e-01
2811,9.944245e-01
2812,9.964158e-01
2813,9.944245e-01
2814,9.968140e-01
2815,9.944245e-01
2816,9.968140e-01
2817,9.948228e-01
2818,9.976105e-01
2819,9.936280e-01
2820,9.968140e-01
2821,9.948228e-01
2822,9.972123e-01
2823,9.944245e-01
2824,9.964158e-01
2825,9.948228e-01
2826,9.968140e-01
2827,9.936280e-01
2828,9.964158e-01
2829,9.948228e-01
2830,9.976105e-01
2831,9.936280e-01
2832,9.964158e-01
2833,9.940263e-01
2834,9.972123e-01
2835,9.952210e-01
2836,9.968140e-01
2837,9.944245e-01
2838,9.960175e-01
2839,9.944245e-01
2840,9.968140e-01
2841,9.944245e-01
2842,9.968140e-01
2843,9.948228e-01
2844,9.960175e-01
2845,9.944245e-01
2846,9.960175e-01
2847,9.944245e-01
2848,9.972123e-01
2849,9.936280e-01
2850,9.964158e-01
2851,9.948228e-01
2852,9.968140e-01
2853,9.940263e-01
2854,9.968140e-01
2855,9.948228e-01
2856,9.968140e-01
2857,9.944245e-01
2858,9.968140e-01
2859,9.944245e-01
2860,9.968140e-01
2861,9.948228e-01
2862,9.972123e-01
2863,9.940263e-01
2864,9.968140e-01
2865,9.944245e-01
2866,9.960175e-01
2867,9.948228e-01
2868,9.964158e-01
2869,9.948228e-01
2870,9.960175e-01
2871,9.936280e-01
2872,9.964158e-01
2873,9.952210e-01
2874,9.968140e-01
2875,9.948228e-01
2876,9.968140e-01
2877,9.944245e-01
2878,9.964158e-01
2879,9.944245e-01
2880,9.972123e-01
2881,9.948228e-01
2882,9.972123e-01
2883,9.940263e-01
2884,9.960175e-01
2885,9.944245e-01
2886,9.976105e-01
2887,9.948228e-01
2888,9.968140e-01
2889,9.944245e-01
2890,9.968140e-01
2891,9.944245e-01
2892,9.968140e-01
2893,9.936280e-01
2894,9.968140e-01
2895,9.948228e-01
2896,9.956193e-01
2897,9.936280e-01
2898,9.968140e-01
2899,9.936280e-01
2900,9.964158e-01
2901,9.956193e-01
2902,9.964158e-01
2903,9.948228e-01
2904,9.960175e-01
2905,9.944245e-01
2906,9.976105e-01
2907,9.944245e-01
2908,9.980088e-01
2909,9.936280e-01
2910,9.968140e-01
2911,9.948228e-01
2912,9.968140e-01
2913,9.944245e-01
2914,9.968140e-01
2915,9.944245e-01
2916,9.968140e-01
2917,9.936280e-01
2918,9.964158e-01
2919,9.944245e-01
2920,9.964158e-01
2921,9.944245e-01
2922,9.964158e-01
2923,9.944245e-01
2924,9.968140e-01
2925,9.936280e-01
2926,9.968140e-01
2927,9.944245e-01
2928,9.968140e-01
2929,9.952210e-01
2930,9.968140e-01
2931,9.944245e-01
2932,9.968140e-01
2933,9.952210e-01
2934,9.972123e-01
2935,9.936280e-01
2936,9.964158e-01
2937,9.948228e-01
2938,9.968140e-01
2939,9.948228e-01
2940,9.968140e-01
2941,9.948228e-01
2942,9.976105e-01
2943,9.936280e-01
2944,9.964158e-01
2945,9.944245e-01
2946,9.972123e-01
2947,9.944245e-01
2948,9.972123e-01
2949,9.944245e-01
2950,9.964158e-01
2951,9.944245e-01
2952,9.968140e-01
2953,9.940263e-01
2954,9.968140e-01
2955,9.948228e-01
2956,9.960175e-01
2957,9.940263e-01
2958,9.968140e-01
2959,9.948228e-01
2960,9.968140e-01
2961,9.940263e-01
2962,9.968140e-01
2963,9.936280e-01
2964,9.964158e-01
2965,9.936280e-01
2966,9.972123e-01
2967,9.944245e-01
2968,9.968140e-01
2969,9.944245e-01
2970,9.960175e-01
2971,9.936280e-01
2972,9.964158e-01
2973,9.932298e-01
2974,9.972123e-01
2975,9.944245e-01
2976,9.964158e-01
2977,9.940263e-01
2978,9.968140e-01
2979,9.948228e-01
2980,9.964158e-01
2981,9.948228e-01
2982,9.972123e-01
2983,9.936280e-01
2984,9.964158e-01
2985,9.948228e-01
2986,9.972123e-01
2987,9.936280e-01
2988,9.964158e-01
2989,9.948228e-01
2990,9.960175e-01
2991,9.944245e-01
2992,9.964158e-01
2993,9.944245e-01
2994,9.956193e-01
2995,9.944245e-01
2996,9.972123e-01
2997,9.940263e-01
2998,9.964158e-01
2999,9.948228e-01
3000,9.972123e-01
3001,9.948228e-01
3002,9.964158e-01
3003,9.948228e-01
3004,9.972123e-01
3005,9.944245e-01
3006,9.960175e-01
3007,9.968140e-01
3008,9.964158e-01
3009,9.948228e-01
3010,9.968140e-01
3011,9.936280e-01
3012,9.964158e-01
3013,9.944245e-01
3014,9.968140e-01
3015,9.936280e-01
3016,9.960175e-01
3017,9.944245e-01
3018,9.968140e-01
3019,9.940263e-01
3020,9.964158e-01
3021,9.936280e-01
3022,9.964158e-01
3023,9.916368e-01
3024,9.968140e-01
3025,9.944245e-01
3026,9.956193e-01
3027,9.976105e-01
3028,9.988053e-01
3029,9.936280e-01
3030,9.968140e-01
3031,9.944245e-01
3032,9.968140e-01
3033,9.948228e-01
3034,9.968140e-01
3035,9.944245e-01
3036,9.964158e-01
3037,9.940263e-01
3038,9.964158e-01
3039,9.944245e-01
3040,9.960175e-01
3041,9.940263e-01
3042,9.968140e-01
3043,9.944245e-01
3044,9.968140e-01
3045,9.936280e-01
3046,9.964158e-01
3047,9.948228e-01
3048,9.968140e-01
3049,9.944245e-01
3050,9.968140e-01
3051,9.956193e-01
3052,9.964158e-01
3053,9.944245e-01
3054,9.972123e-01
3055,9.944245e-01
3056,9.968140e-01
3057,9.932298e-01
3058,9.972123e-01
3059,9.952210e-01
3060,9.964158e-01
3061,9.932298e-01
3062,9.972123e-01
3063,9.940263e-01
3064,9.964158e-01
3065,9.944245e-01
3066,9.968140e-01
3067,9.948228e-01
3068,9.964158e-01
3069,9.936280e-01
3070,9.972123e-01
3071,9.940263e-01
3072,9.972123e-01
3073,9.944245e-01
3074,9.960175e-01
3075,9.944245e-01
3076,9.968140e-01
3077,9.952210e-01
3078,9.976105e-01
3079,9.948228e-01
3080,9.964158e-01
3081,9.948228e-01
3082,9.968140e-01
3083,9.956193e-01
3084,9.968140e-01
3085,9.944245e-01
3086,9.968140e-01
3087,9.944245e-01
3088,9.968140e-01
3089,9.944245e-01
3090,9.960175e-01
3091,9.936280e-01
3092,9.972123e-01
3093,9.948228e-01
3094,9.972123e-01
3095,9.948228e-01
3096,9.972123e-01
3097,9.936280e-01
3098,9.968140e-01
3099,9.948228e-01
3100,9.984070e-01
3101,9.948228e-01
3102,9.968140e-01
3103,9.952210e-01
3104,9.964158e-01
3105,9.944245e-01
3106,9.968140e-01
3107,9.940263e-01
3108,9.968140e-01
3109,9.944245e-01
3110,9.968140e-01
3111,9.948228e-01
3112,9.968140e-01
3113,9.944245e-01
3114,9.968140e-01
3115,9.940263e-01
3116,9.968140e-01
3117,9.948228e-01
3118,9.968140e-01
3119,9.944245e-01
3120,9.972123e-01
3121,9.940263e-01
3122,9.968140e-01
3123,9.944245e-01
3124,9.968140e-01
3125,9.944245e-01
3126,9.968140e-01
3127,9.928315e-01
3128,9.972123e-01
3129,9.944245e-01
3130,9.968140e-01
3131,9.956193e-01
3132,9.968140e-01
3133,9.944245e-01
3134,9.968140e-01
3135,9.948228e-01
3136,9.968140e-01
3137,9.948228e-01
3138,9.968140e-01
3139,9.948228e-01
3140,9.964158e-01
3141,9.940263e-01
3142,9.968140e-01
3143,9.944245e-01
3144,9.960175e-01
3145,9.948228e-01
3146,9.964158e-01
3147,9.944245e-01
3148,9.976105e-01
3149,9.944245e-01
3150,9.968140e-01
3151,9.944245e-01
3152,9.968140e-01
3153,9.948228e-01
3154,9.972123e-01
3155,9.948228e-01
3156,9.980088e-01
3157,9.944245e-01
3158,9.968140e-01
3159,9.948228e-01
3160,9.968140e-01
3161,9.944245e-01
3162,9.980088e-01
3163,9.944245e-01
3164,9.964158e-01
3165,9.936280e-01
3166,9.968140e-01
3167,9.952210e-01
3168,9.972123e-01
3169,9.936280e-01
3170,9.964158e-01
3171,9.944245e-01
3172,9.968140e-01
3173,9.944245e-01
3174,9.968140e-01
3175,9.944245e-01
3176,9.968140e-01
3177,9.936280e-01
3178,9.968140e-01
3179,9.948228e-01
3180,9.968140e-01
3181,9.944245e-01
3182,9.968140e-01
3183,9.940263e-01
3184,9.964158e-01
3185,9.944245e-01
3186,9.968140e-01
3187,9.948228e-01
3188,9.964158e-01
3189,9.944245e-01
3190,9.972123e-01
3191,9.944245e-01
3192,9.964158e-01
3193,9.936280e-01
3194,9.956193e-01
3195,9.944245e-01
3196,9.968140e-01
3197,9.944245e-01
3198,9.968140e-01
3199,9.948228e-01
3200,9.964158e-01
3201,9.936280e-01
3202,9.960175e-01
3203,9.948228e-01
3204,9.964158e-01
3205,9.948228e-01
3206,9.964158e-01
3207,9.948228e-01
3208,9.964158e-01
3209,9.940263e-01
3210,9.968140e-01
3211,9.944245e-01
3212,9.968140e-01
3213,9.948228e-01
3214,9.968140e-01
3215,9.948228e-01
3216,9.972123e-01
3217,9.944245e-01
3218,9.976105e-01
3219,9.940263e-01
3220,9.964158e-01
3221,9.936280e-01
3222,9.968140e-01
3223,9.940263e-01
3224,9.968140e-01
3225,9.948228e-01
3226,9.968140e-01
3227,9.944245e-01
3228,9.976105e-01
3229,9.948228e-01
3230,9.964158e-01
3231,9.944245e-01
3232,9.972123e-01
3233,9.952210e-01
3234,9.964158e-01
3235,9.948228e-01
3236,9.964158e-01
3237,9.944245e-01
3238,1.000000e+00
3239,9.932298e-01
3240,9.964158e-01
3241,9.944245e-01
3242,9.972123e-01
3243,9.944245e-01
3244,9.964158e-01
3245,9.944245e-01
3246,9.960175e-01
3247,9.944245e-01
3248,9.972123e-01
3249,9.948228e-01
3250,9.968140e-01
3251,9.944245e-01
3252,9.956193e-01
3253,9.948228e-01
3254,9.968140e-01
3255,9.948228e-01
3256,9.964158e-01
3257,9.944245e-01
3258,9.956193e-01
3259,9.940263e-01
3260,9.968140e-01
3261,9.936280e-01
3262,9.968140e-01
3263,9.940263e-01
3264,9.960175e-01
3265,9.948228e-01
3266,9.972123e-01
3267,9.944245e-01
3268,9.964158e-01
3269,9.944245e-01
3270,9.960175e-01
3271,9.936280e-01
3272,9.960175e-01
3273,9.936280e-01
3274,9.984070e-01
3275,9.940263e-01
3276,9.968140e-01
3277,9.932298e-01
3278,9.956193e-01
3279,9.940263e-01
3280,9.972123e-01
3281,9.948228e-01
3282,9.956193e-01
3283,9.944245e-01
3284,9.956193e-01
3285,9.948228e-01
3286,9.948228e-01
3287,9.944245e-01
3288,9.952210e-01
3289,9.936280e-01
3290,9.960175e-01
3291,9.940263e-01
3292,9.952210e-01
3293,9.940263e-01
3294,9.952210e-01
3295,9.940263e-01
3296,9.952210e-01
3297,9.948228e-01
3298,9.956193e-01
3299,9.944245e-01
3300,9.952210e-01
3301,9.948228e-01
3302,9.956193e-01
3303,9.936280e-01
3304,9.948228e-01
3305,9.944245e-01
3306,9.948228e-01
3307,9.948228e-01
3308,9.944245e-01
3309,9.940263e-01
3310,9.956193e-01
3311,9.944245e-01
3312,9.944245e-01
3313,9.944245e-01
3314,9.952210e-01
3315,9.948228e-01
3316,9.948228e-01
3317,9.944245e-01
3318,9.940263e-01
3319,9.944245e-01
3320,9.944245e-01
3321,9.948228e-01
3322,9.948228e-01
3323,9.944245e-01
3324,9.948228e-01
3325,9.948228e-01
3326,9.944245e-01
3327,9.948228e-01
3328,9.936280e-01
3329,9.948228e-01
3330,9.948228e-01
3331,9.948228e-01
3332,9.948228e-01
3333,9.952210e-01
3334,9.944245e-01
3335,9.940263e-01
3336,9.932298e-01
3337,9.944245e-01
3338,9.944245e-01
3339,9.948228e-01
3340,9.940263e-01
3341,9.948228e-01
3342,9.940263e-01
3343,9.944245e-01
3344,9.936280e-01
3345,9.944245e-01
3346,9.944245e-01
3347,9.936280e-01
3348,9.948228e-01
3349,9.948228e-01
3350,9.944245e-01
3351,9.944245e-01
3352,9.944245e-01
3353,9.944245e-01
3354,9.944245e-01
3355,9.948228e-01
3356,9.948228e-01
3357,9.944245e-01
3358,9.940263e-01
3359,9.948228e-01
3360,9.940263e-01
3361,9.944245e-01
3362,9.952210e-01
3363,9.952210e-01
3364,9.944245e-01
3365,9.940263e-01
3366,9.940263e-01
3367,9.956193e-01
3368,9.936280e-01
3369,9.936280e-01
3370,9.936280e-01
3371,9.944245e-01
3372,9.944245e-01
3373,9.936280e-01
3374,9.948228e-01
3375,9.948228e-01
3376,9.948228e-01
3377,9.944245e-01
3378,9.944245e-01
3379,9.940263e-01
3380,9.944245e-01
3381,9.948228e-01
3382,9.948228e-01
3383,9.944245e-01
3384,9.936280e-01
3385,9.944245e-01
3386,9.960175e-01
3387,9.948228e-01
3388,9.940263e-01
3389,9.936280e-01
3390,9.944245e-01
3391,9.948228e-01
3392,9.944245e-01
3393,9.944245e-01
3394,9.936280e-01
3395,9.944245e-01
3396,9.944245e-01
3397,9.944245e-01
3398,9.932298e-01
3399,9.944245e-01
3400,9.944245e-01
3401,9.940263e-01
3402,9.948228e-01
3403,9.944245e-01
3404,9.940263e-01
3405,9.936280e-01
3406,9.948228e-01
3407,9.944245e-01
3408,9.944245e-01
3409,9.948228e-01
3410,9.952210e-01
3411,9.944245e-01
3412,9.944245e-01
3413,9.944245e-01
3414,9.944245e-01
3415,9.952210e-01
3416,9.940263e-01
3417,9.948228e-01
3418,9.944245e-01
3419,9.944245e-01
3420,9.936280e-01
3421,9.944245e-01
3422,9.940263e-01
3423,9.972123e-01
3424,9.940263e-01
3425,9.940263e-01
3426,9.956193e-01
3427,9.944245e-01
3428,9.948228e-01
3429,9.920350e-01
3430,9.940263e-01
3431,9.932298e-01
3432,9.948228e-01
3433,9.944245e-01
3434,9.944245e-01
3435,9.944245e-01
3436,9.948228e-01
3437,9.956193e-01
3438,9.948228e-01
3439,9.944245e-01
3440,9.944245e-01
3441,9.948228e-01
3442,9.932298e-01
3443,9.944245e-01
3444,9.944245e-01
3445,9.928315e-01
3446,9.944245e-01
3447,9.944245e-01
3448,9.940263e-01
3449,9.948228e-01
3450,9.948228e-01
3451,9.940263e-01
3452,9.944245e-01
3453,9.940263e-01
3454,9.948228e-01
3455,9.948228e-01
3456,9.952210e-01
3457,9.936280e-01
3458,9.940263e-01
3459,9.948228e-01
3460,9.952210e-01
3461,9.936280e-01
3462,9.952210e-01
3463,9.936280e-01
3464,9.944245e-01
3465,9.944245e-01
3466,9.936280e-01
3467,9.940263e-01
3468,9.948228e-01
3469,9.944245e-01
3470,9.936280e-01
3471,9.940263e-01
3472,9.944245e-01
3473,9.948228e-01
3474,9.944245e-01
3475,9.940263e-01
3476,9.944245e-01
3477,9.944245e-01
3478,9.936280e-01
3479,9.932298e-01
3480,9.944245e-01
3481,9.940263e-01
3482,9.948228e-01
3483,9.936280e-01
3484,9.936280e-01
3485,9.944245e-01
3486,9.944245e-01
3487,9.936280e-01
3488,9.936280e-01
3489,9.944245e-01
3490,9.940263e-01
3491,9.928315e-01
3492,9.944245e-01
3493,9.944245e-01
3494,9.944245e-01
3495,9.944245e-01
3496,9.944245e-01
3497,9.948228e-01
3498,9.944245e-01
3499,9.944245e-01
3500,9.952210e-01
3501,9.944245e-01
3502,9.944245e-01
3503,9.944245e-01
3504,9.944245e-01
3505,9.948228e-01
3506,9.944245e-01
3507,9.948228e-01
3508,9.936280e-01
3509,9.944245e-01
3510,9.932298e-01
3511,9.944245e-01
3512,9.948228e-01
3513,9.952210e-01
3514,9.944245e-01
3515,9.944245e-01
3516,9.956193e-01
3517,9.948228e-01
3518,9.936280e-01
3519,9.952210e-01
3520,9.936280e-01
3521,9.940263e-01
3522,9.944245e-01
3523,9.948228e-01
3524,9.948228e-01
3525,9.928315e-01
3526,9.936280e-01
3527,9.956193e-01
3528,9.960175e-01
3529,9.936280e-01
3530,9.936280e-01
3531,9.944245e-01
3532,9.944245e-01
3533,9.952210e-01
3534,9.936280e-01
3535,9.940263e-01
3536,9.936280e-01
3537,9.936280e-01
3538,9.940263e-01
3539,9.948228e-01
3540,9.944245e-01
3541,9.936280e-01
3542,9.944245e-01
3543,9.940263e-01
3544,9.936280e-01
3545,9.944245e-01
3546,9.944245e-01
3547,9.940263e-01
3548,9.940263e-01
3549,9.944245e-01
3550,9.952210e-01
3551,9.948228e-01
3552,9.944245e-01
3553,9.940263e-01
3554,9.952210e-01
3555,9.944245e-01
3556,9.920350e-01
3557,9.936280e-01
3558,9.944245e-01
3559,9.932298e-01
3560,9.936280e-01
3561,9.936280e-01
3562,9.944245e-01
3563,9.944245e-01
3564,9.936280e-01
3565,9.936280e-01
3566,9.948228e-01
3567,9.944245e-01
3568,9.944245e-01
3569,9.936280e-01
3570,9.940263e-01
3571,9.944245e-01
3572,9.948228e-01
3573,9.940263e-01
3574,9.944245e-01
3575,9.952210e-01
3576,9.948228e-01
3577,9.944245e-01
3578,9.936280e-01
3579,9.948228e-01
3580,9.944245e-01
3581,9.948228e-01
3582,9.948228e-01
3583,9.936280e-01
3584,9.948228e-01
3585,9.948228e-01
3586,9.944245e-01
3587,9.936280e-01
3588,9.948228e-01
3589,9.944245e-01
3590,9.932298e-01
3591,9.940263e-01
3592,9.952210e-01
3593,9.956193e-01
3594,9.940263e-01
3595,9.944245e-01
3596,9.944245e-01
3597,9.940263e-01
3598,9.936280e-01
3599,9.944245e-01
3600,9.944245e-01
3601,9.944245e-01
3602,9.948228e-01
3603,9.944245e-01
3604,9.936280e-01
3605,9.948228e-01
3606,9.944245e-01
3607,9.936280e-01
3608,9.940263e-01
3609,9.932298e-01
3610,9.952210e-01
3611,9.936280e-01
3612,9.932298e-01
3613,9.944245e-01
3614,9.936280e-01
3615,9.948228e-01
3616,9.944245e-01
3617,9.940263e-01
3618,9.948228e-01
3619,9.936280e-01
3620,9.944245e-01
3621,9.936280e-01
3622,9.944245e-01
3623,9.948228e-01
3624,9.948228e-01
3625,9.948228e-01
3626,9.944245e-01
3627,9.956193e-01
3628,9.944245e-01
3629,9.944245e-01
3630,9.944245e-01
3631,9.948228e-01
3632,9.936280e-01
3633,9.948228e-01
3634,9.944245e-01
3635,9.948228e-01
3636,9.936280e-01
3637,9.944245e-01
3638,9.948228e-01
3639,9.940263e-01
3640,9.944245e-01
3641,9.936280e-01
3642,9.944245e-01
3643,9.948228e-01
3644,9.940263e-01
3645,9.936280e-01
3646,9.940263e-01
